banner_pos,CTR
0,0.16427235835338114
1,0.18361449459522755
2,0.11922159833858934
3,0.1828009828009828
4,0.1853582554517134
5,0.12149532710280374
7,0.3201000527801363
